{
  "compression_aware": {
    "total": 60,
    "tp": 27,
    "fp": 1,
    "tn": 14,
    "fn": 18,
    "accuracy": 0.6833333333333333,
    "precision": 0.9642857142857143,
    "recall": 0.6,
    "f1_score": 0.7397260273972602,
    "tpr": 0.6,
    "fpr": 0.06666666666666667,
    "detection_by_attack": {
      "token_w3": 0.6666666666666666,
      "token_w5": 0.8,
      "token_w7": 0.3333333333333333
    }
  },
  "random_edit": {
    "total": 60,
    "tp": 13,
    "fp": 13,
    "tn": 2,
    "fn": 32,
    "accuracy": 0.25,
    "precision": 0.5,
    "recall": 0.28888888888888886,
    "f1_score": 0.3661971830985915,
    "tpr": 0.28888888888888886,
    "fpr": 0.8666666666666667,
    "detection_by_attack": {
      "token_w3": 0.6,
      "token_w5": 0.2,
      "token_w7": 0.06666666666666667
    }
  },
  "perplexity": {
    "total": 60,
    "tp": 44,
    "fp": 0,
    "tn": 15,
    "fn": 1,
    "accuracy": 0.9833333333333333,
    "precision": 1.0,
    "recall": 0.9777777777777777,
    "f1_score": 0.9887640449438202,
    "tpr": 0.9777777777777777,
    "fpr": 0.0,
    "detection_by_attack": {
      "token_w3": 0.9333333333333333,
      "token_w5": 1.0,
      "token_w7": 1.0
    }
  }
}