{
  "compression_aware": {
    "total": 60,
    "tp": 33,
    "fp": 1,
    "tn": 14,
    "fn": 12,
    "accuracy": 0.7833333333333333,
    "precision": 0.9705882352941176,
    "recall": 0.7333333333333333,
    "f1_score": 0.8354430379746834,
    "tpr": 0.7333333333333333,
    "fpr": 0.06666666666666667,
    "detection_by_attack": {
      "token_w3": 0.8,
      "token_w5": 0.8,
      "token_w7": 0.6
    }
  },
  "random_edit": {
    "total": 60,
    "tp": 13,
    "fp": 14,
    "tn": 1,
    "fn": 32,
    "accuracy": 0.23333333333333334,
    "precision": 0.48148148148148145,
    "recall": 0.28888888888888886,
    "f1_score": 0.36111111111111105,
    "tpr": 0.28888888888888886,
    "fpr": 0.9333333333333333,
    "detection_by_attack": {
      "token_w3": 0.4666666666666667,
      "token_w5": 0.3333333333333333,
      "token_w7": 0.06666666666666667
    }
  },
  "perplexity": {
    "total": 60,
    "tp": 44,
    "fp": 0,
    "tn": 15,
    "fn": 1,
    "accuracy": 0.9833333333333333,
    "precision": 1.0,
    "recall": 0.9777777777777777,
    "f1_score": 0.9887640449438202,
    "tpr": 0.9777777777777777,
    "fpr": 0.0,
    "detection_by_attack": {
      "token_w3": 0.9333333333333333,
      "token_w5": 1.0,
      "token_w7": 1.0
    }
  }
}