{
  "compression_aware": {
    "total": 60,
    "tp": 26,
    "fp": 1,
    "tn": 14,
    "fn": 19,
    "accuracy": 0.6666666666666666,
    "precision": 0.9629629629629629,
    "recall": 0.5777777777777777,
    "f1_score": 0.7222222222222221,
    "tpr": 0.5777777777777777,
    "fpr": 0.06666666666666667,
    "detection_by_attack": {
      "token_w3": 0.5333333333333333,
      "token_w5": 0.7333333333333333,
      "token_w7": 0.4666666666666667
    }
  },
  "random_edit": {
    "total": 60,
    "tp": 10,
    "fp": 14,
    "tn": 1,
    "fn": 35,
    "accuracy": 0.18333333333333332,
    "precision": 0.4166666666666667,
    "recall": 0.2222222222222222,
    "f1_score": 0.2898550724637681,
    "tpr": 0.2222222222222222,
    "fpr": 0.9333333333333333,
    "detection_by_attack": {
      "token_w3": 0.5333333333333333,
      "token_w5": 0.13333333333333333,
      "token_w7": 0.0
    }
  },
  "perplexity": {
    "total": 60,
    "tp": 44,
    "fp": 0,
    "tn": 15,
    "fn": 1,
    "accuracy": 0.9833333333333333,
    "precision": 1.0,
    "recall": 0.9777777777777777,
    "f1_score": 0.9887640449438202,
    "tpr": 0.9777777777777777,
    "fpr": 0.0,
    "detection_by_attack": {
      "token_w3": 0.9333333333333333,
      "token_w5": 1.0,
      "token_w7": 1.0
    }
  }
}